City,Lat,Lng,Max Temp,Humidity,Cloudiness,Wind Speed,Country,Date
Ushuaia,-54.8,-68.3,35.6,93,75,24.16,AR,1603157210
Broome,42.25,-75.83,55.99,93,90,8.05,US,1603157265
Kruisfontein,-34.0,24.73,60.01,70,100,4.0,ZA,1603157265
Mar del Plata,-38.0,-57.56,54.0,62,0,16.11,AR,1603157265
Clyde River,70.47,-68.59,32.0,91,1,18.34,CA,1603157265
Busselton,-33.65,115.33,68.0,64,0,4.0,AU,1603157266
Punta Arenas,-53.15,-70.92,39.2,80,20,25.28,CL,1603157022
Avarua,-21.21,-159.78,80.6,74,33,4.7,CK,1603157253
Mercedes,-34.65,-59.43,62.01,61,100,4.0,AR,1603157266
Atuona,-9.8,-139.03,78.57,74,3,18.81,PF,1603157266
Yellowknife,62.46,-114.35,27.0,85,75,2.24,CA,1603157266
Baoding,38.85,115.49,59.4,35,100,5.17,CN,1603157266
Chokurdakh,70.63,147.92,16.16,98,94,6.26,RU,1603157266
Safaga,26.73,33.94,77.0,41,0,6.93,EG,1603157266
Arraial do Cabo,-22.97,-42.03,73.4,78,20,18.34,BR,1603157267
Verkhoyansk,67.54,133.38,12.92,90,100,3.36,RU,1603157267
Shimoda,34.67,138.95,66.2,59,75,20.8,JP,1603157267
Saint Paul Harbor,57.79,-152.41,48.2,45,1,14.99,US,1603157267
Sabang,5.89,95.32,82.22,74,54,7.81,ID,1603157267
Bredasdorp,-34.53,20.04,57.2,76,93,11.41,ZA,1603157267
Rikitea,-23.12,-134.97,74.41,76,0,11.1,PF,1603157248
Saint-Philippe,-21.36,55.77,69.8,60,37,4.7,RE,1603157267
Hobart,-42.88,147.33,66.0,58,40,10.29,AU,1603157180
Hong Kong,22.29,114.16,75.99,69,0,1.99,HK,1603157071
Makakilo City,21.35,-158.09,84.2,66,1,11.41,US,1603157162
Bitung,1.45,125.18,89.6,55,20,5.82,ID,1603157058
George Town,5.41,100.34,82.4,83,20,4.7,MY,1603157051
Korla,41.76,86.15,42.01,89,0,4.0,CN,1603157268
Wahpeton,46.27,-96.61,33.8,64,90,3.4,US,1603157268
Alta Floresta,-9.88,-56.09,72.45,93,92,2.62,BR,1603157255
Hermanus,-34.42,19.23,57.99,74,15,4.0,ZA,1603157268
Bouaké,7.69,-5.02,73.4,94,7,4.7,CI,1603157268
Vestmannaeyjar,63.44,-20.27,39.56,79,77,1.77,IS,1603157268
Vozhega,60.47,40.22,32.23,98,100,2.06,RU,1603157268
Puerto Ayora,-0.74,-90.35,69.01,92,98,5.99,EC,1603157269
Saint George,37.1,-113.58,80.6,11,1,11.41,US,1603157026
Barrow,71.29,-156.79,24.8,79,90,10.29,US,1603157104
Colac,-38.33,143.58,55.99,71,15,3.6,AU,1603157269
Trairi,-3.28,-39.27,78.89,79,3,13.38,BR,1603157269
Naze,28.37,129.48,80.6,74,40,21.92,JP,1603157269
Kahului,20.89,-156.47,91.4,43,1,9.17,US,1603157269
Warrnambool,-38.38,142.48,55.92,73,33,2.66,AU,1603157269
Mehamn,71.04,27.85,37.83,79,100,14.47,NO,1603157269
Khovd,48.01,91.64,25.34,82,0,2.44,MN,1603157269
Bungoma,0.56,34.56,62.65,88,94,2.55,KE,1603157270
Narsaq,60.92,-46.05,33.8,82,100,3.36,GL,1603157270
Vaini,-21.2,-175.2,77.0,69,40,12.75,TO,1603157270
Cidreira,-30.18,-50.21,67.66,91,0,14.79,BR,1603157270
Khatanga,71.97,102.5,11.88,97,89,2.26,RU,1603157270
Lompoc,34.64,-120.46,60.8,87,75,6.93,US,1603157270
Thompson,55.74,-97.86,28.4,63,90,5.82,CA,1603157270
Martos,37.72,-3.97,68.0,32,100,3.51,ES,1603157271
Voh,-20.97,164.7,84.78,45,0,4.54,NC,1603157271
Darhan,49.49,105.92,29.77,81,100,18.1,MN,1603157271
Kirksville,40.19,-92.58,39.0,74,90,9.17,US,1603157271
Perth,-31.93,115.83,70.0,56,0,4.7,AU,1603157238
Outlook,51.5,-107.05,25.0,57,100,8.01,CA,1603157271
Godfrey,38.96,-90.19,48.99,93,90,5.82,US,1603157271
Sakakah,29.97,40.21,62.6,17,0,3.06,SA,1603157272
Macenta,8.54,-9.47,66.76,93,92,0.74,GN,1603157272
Bluff,-46.6,168.33,53.01,71,54,13.0,NZ,1603157272
Tateyama,34.98,139.87,66.2,59,75,20.8,JP,1603157272
Hasaki,35.73,140.83,64.4,82,75,10.29,JP,1603157272
Zhangaözen,43.3,52.8,52.11,86,0,5.64,KZ,1603157272
Muros,42.78,-9.06,61.0,92,100,8.01,ES,1603157272
Machhlīshahr,25.68,82.42,75.2,94,75,3.33,IN,1603157272
Maple Creek,49.92,-109.48,28.9,95,100,11.99,CA,1603157272
Sitka,57.05,-135.33,44.6,81,75,9.17,US,1603157272
Salalah,17.02,54.09,80.6,51,75,3.36,OM,1603157272
Pyinmana,19.73,96.22,74.19,85,55,1.1,MM,1603157272
Padang,-0.95,100.35,83.5,61,36,3.09,ID,1603157186
New Norfolk,-42.78,147.06,66.0,64,56,1.01,AU,1603157273
Mataura,-46.19,168.86,53.01,71,83,13.0,NZ,1603157273
Shetpe,44.17,52.12,56.73,92,89,13.33,KZ,1603157273
Grimshaw,56.18,-117.6,23.0,79,90,9.17,CA,1603157273
Chui,-33.7,-53.46,65.64,78,0,3.78,UY,1603157273
Albany,42.6,-73.97,55.0,89,100,5.41,US,1603157102
Tiksi,71.69,128.87,14.25,92,100,23.82,RU,1603157273
Kiryat Gat,31.61,34.76,71.6,78,31,2.24,IL,1603157273
Waipawa,-41.41,175.52,62.6,67,94,23.04,NZ,1603157203
East London,-33.02,27.91,64.15,80,82,20.85,ZA,1603157274
Teahupoo,-17.83,-149.27,84.2,70,20,17.22,PF,1603156986
Bubaque,11.28,-15.83,82.49,88,1,8.63,GW,1603157274
Caravelas,-17.71,-39.25,72.9,83,100,4.07,BR,1603157274
Vanimo,-2.67,141.3,84.38,69,100,2.75,PG,1603157274
Winona,43.97,-91.77,33.8,80,90,3.27,US,1603157109
Qaanaaq,77.48,-69.36,27.5,88,7,5.97,GL,1603157274
Hualmay,-11.1,-77.61,62.11,85,3,6.51,PE,1603157274
Sistranda,63.73,8.83,35.6,93,40,6.93,NO,1603157274
Ixtapa,20.7,-105.2,84.99,83,40,6.93,MX,1603157275
Opuwo,-18.06,13.84,62.1,34,0,3.58,NA,1603157275
Kayerkan,69.35,87.76,12.2,92,75,6.71,RU,1603157275
Fort-Shevchenko,44.51,50.26,61.25,83,70,10.78,KZ,1603157275
Saldanha,-33.01,17.94,53.6,76,100,2.24,ZA,1603157275
Umm Kaddadah,13.6,26.69,83.26,15,82,10.96,SD,1603157275
Lebu,-37.62,-73.65,49.93,75,4,14.88,CL,1603157275
Cairns,-16.92,145.77,87.01,54,11,8.05,AU,1603157040
Carnarvon,-24.87,113.63,71.6,64,40,16.11,AU,1603157276
Ahipara,-35.17,173.17,65.43,65,100,11.3,NZ,1603157276
Bambous Virieux,-20.34,57.76,73.4,78,20,8.05,MU,1603157276
Esperance,-33.87,121.9,60.8,100,90,8.05,AU,1603157276
Fortuna,40.6,-124.16,57.0,100,90,10.29,US,1603157276
Bundaberg,-24.85,152.35,80.6,51,40,14.99,AU,1603157276
Lagoa,39.05,-27.98,63.72,69,0,28.45,PT,1603157276
Ambilobe,-13.2,49.05,72.18,70,8,2.24,MG,1603157276
Touros,-5.2,-35.46,77.0,83,40,3.36,BR,1603157276
Kampot,10.62,104.18,80.6,83,20,2.24,KH,1603157277
Norman Wells,65.28,-126.83,15.8,78,20,9.17,CA,1603157277
Uni,57.75,51.49,37.13,90,98,9.91,RU,1603157277
Departamento de Maldonado,-34.67,-54.92,60.8,82,90,23.04,UY,1603157126
Tuatapere,-46.13,167.68,53.01,71,85,13.0,NZ,1603157277
Leeton,-34.57,146.4,72.0,37,0,5.82,AU,1603157277
Vanavara,60.34,102.28,24.17,96,100,14.18,RU,1603157277
Malakal,9.53,31.66,72.7,75,0,1.01,SS,1603157277
Coahuayana Viejo,18.73,-103.68,80.58,84,23,1.41,MX,1603157277
Lahat,-3.8,103.53,73.45,93,100,1.5,ID,1603157277
Apatou,5.16,-54.35,76.12,91,60,4.65,GF,1603157278
Östersund,63.18,14.64,30.2,86,82,3.36,SE,1603157278
Le Port,-20.94,55.29,71.6,60,1,8.05,RE,1603157278
Sohag,26.56,31.69,75.2,36,0,3.36,EG,1603157278
Fort Nelson,58.81,-122.7,24.8,62,20,2.28,CA,1603157278
Kapaa,22.08,-159.32,84.2,70,40,12.75,US,1603157278
General José Eduvigis Díaz,-27.17,-58.42,89.6,40,0,9.17,PY,1603157278
Sept-Îles,50.2,-66.38,41.0,100,90,3.36,CA,1603157278
Lázaro Cárdenas,17.96,-102.2,81.41,85,52,4.56,MX,1603157278
Bichura,50.59,107.6,27.32,88,100,11.97,RU,1603157278
Makkah al Mukarramah,21.43,39.83,76.95,18,0,6.04,SA,1603157042
Sinnamary,5.38,-52.95,80.91,82,68,11.77,GF,1603157279
Kavieng,-2.57,150.8,83.86,70,100,2.98,PG,1603157279
Nicoya,10.15,-85.45,77.0,88,75,2.24,CR,1603157279
Kyrenia,35.34,33.32,68.0,77,20,4.7,CY,1603157279
Upington,-28.45,21.26,62.6,23,0,11.41,ZA,1603157279
Ponta do Sol,32.67,-17.1,68.0,94,75,12.75,PT,1603157279
Turka,49.15,23.03,39.0,89,63,8.99,UA,1603157279
Natal,-5.79,-35.21,77.0,83,40,3.36,BR,1603157279
Kopervik,59.28,5.31,50.0,93,90,14.99,NO,1603157279
Yar-Sale,66.83,70.83,16.99,96,0,3.85,RU,1603157280
Faanui,-16.48,-151.75,78.98,80,19,19.62,PF,1603157280
Lüderitz,-26.65,15.16,57.56,72,0,22.44,NA,1603157280
Vera Cruz,-12.63,-41.03,71.24,84,86,6.89,BR,1603157280
Mahébourg,-20.41,57.7,73.4,78,20,8.05,MU,1603157280
Charcas,23.13,-101.12,65.98,45,0,9.48,MX,1603157280
Airai,-8.93,125.41,78.78,34,1,3.31,TL,1603157280
Richards Bay,-28.78,32.04,69.24,93,23,2.77,ZA,1603157280
Moose Factory,51.26,-80.61,30.2,86,1,6.93,CA,1603157280
Cabo San Lucas,22.89,-109.91,86.0,58,5,6.93,MX,1603157280
Yulara,-25.24,130.99,77.0,57,0,9.17,AU,1603157281
Laas,46.62,10.7,46.99,52,100,1.1,IT,1603157281
Kargopol',61.51,38.95,29.14,99,83,4.09,RU,1603157281
Bodden Town,19.28,-81.25,82.99,78,20,5.82,KY,1603157281
Dakoro,14.51,6.76,84.87,24,0,3.22,NE,1603157281
Severo-Kuril'sk,50.68,156.12,42.21,64,67,10.83,RU,1603157281
Phan Thiet,10.93,108.1,79.61,81,96,3.42,VN,1603157282
Port-Gentil,-0.72,8.78,78.69,85,100,12.5,GA,1603157282
Ulaangom,49.98,92.07,26.06,81,59,1.34,MN,1603157282
Cam Ranh,11.92,109.16,86.0,84,40,2.24,VN,1603157282
Te Anau,-45.42,167.72,54.93,49,7,4.43,NZ,1603157282
Souillac,-20.52,57.52,73.4,78,20,8.05,MU,1603157282
Mongo,12.18,18.69,79.9,36,0,5.86,TD,1603157282
Bethel,41.37,-73.41,55.4,93,1,8.05,US,1603157282
Hofn,64.25,-15.21,38.32,74,0,12.88,IS,1603157283
Petropavlovsk-Kamchatskiy,53.05,158.65,44.6,48,75,8.95,RU,1603157283
Jamestown,42.1,-79.24,53.01,100,90,6.93,US,1603157283
Berlevåg,70.86,29.09,38.91,76,100,16.24,NO,1603157283
Payakumbuh,-0.22,100.63,78.03,66,6,0.85,ID,1603157283
Auki,-8.77,160.7,84.43,75,77,3.69,SB,1603157283
Taltal,-25.4,-70.48,58.84,71,0,2.39,CL,1603157283
Mirante do Paranapanema,-22.29,-51.91,72.9,82,72,8.03,BR,1603157283
Nantucket,41.28,-70.1,53.6,93,90,3.36,US,1603157283
Tabou,4.42,-7.35,77.52,80,100,6.04,CI,1603157284
Linguère,15.4,-15.12,90.18,18,0,12.84,SN,1603157284
Djambala,-2.54,14.75,67.06,99,88,3.44,CG,1603157284
Kununurra,-15.77,128.73,93.2,46,2,8.05,AU,1603157284
Sertânia,-8.07,-37.26,69.69,85,47,9.53,BR,1603157284
Choszczno,53.17,15.42,44.01,100,100,5.82,PL,1603157284
Dunedin,-45.87,170.5,55.99,59,93,21.0,NZ,1603157284
San Andrés,12.58,-81.7,82.4,83,75,3.36,CO,1603157285
Beyneu,45.32,55.2,53.56,34,0,12.01,KZ,1603157285
Praia,14.92,-23.51,80.6,65,67,4.7,CV,1603157285
Waitara,-38.92,174.25,55.0,84,100,11.01,NZ,1603157285
Leningradskiy,69.38,178.42,27.23,91,56,6.76,RU,1603157285
Hambantota,6.12,81.12,75.2,100,40,3.36,LK,1603157285
Cape Town,-33.93,18.42,59.0,93,75,6.93,ZA,1603157285
Port Elizabeth,-33.92,25.57,59.0,82,75,21.92,ZA,1603157285
Codrington,-38.27,141.97,57.6,72,70,2.59,AU,1603157286
Garmsār,35.22,52.34,54.63,38,0,1.79,IR,1603157286
Namatanai,-3.67,152.43,84.76,70,92,1.34,PG,1603157286
Nikolskoye,59.7,30.79,35.6,80,90,8.95,RU,1603157286
Spring Valley,36.11,-115.25,88.0,12,20,3.36,US,1603157286
Mayumba,-3.43,10.66,77.11,87,100,6.17,GA,1603157286
Alexandria,31.22,29.96,77.0,53,0,6.93,EG,1603157286
Camacha,33.08,-16.33,68.0,94,75,10.29,PT,1603157286
Río Gallegos,-51.62,-69.22,41.0,52,74,29.97,AR,1603157286
Upernavik,72.79,-56.15,32.81,93,100,8.03,GL,1603157286
Hazorasp,41.32,61.07,42.8,48,0,4.7,UZ,1603157287
Vega de Alatorre,20.03,-96.63,78.12,79,16,0.81,MX,1603157287
Tuktoyaktuk,69.45,-133.04,23.0,85,90,13.87,CA,1603157287
Bergama,39.12,27.18,64.4,72,20,10.29,TR,1603157287
Mujiayingzi,42.12,118.78,54.79,38,100,8.97,CN,1603157287
Port Hardy,50.7,-127.42,53.6,71,75,5.82,CA,1603157287
Coquimbo,-29.95,-71.34,55.4,82,0,4.7,CL,1603157205
Pangnirtung,66.15,-65.71,22.48,92,84,3.94,CA,1603157288
The Valley,18.22,-63.06,82.4,69,20,8.05,AI,1603157288
Port-Cartier,50.03,-66.87,41.0,100,90,3.36,CA,1603157217
Turukhansk,65.82,87.98,10.72,96,97,3.67,RU,1603157288
Udachny,66.42,112.4,17.6,92,90,1.79,RU,1603157288
Tuy Hoa,13.08,109.3,79.38,86,100,4.52,VN,1603157288
Tottori-shi,35.5,134.23,66.2,63,20,4.7,JP,1603157288
Castro,-24.79,-50.01,61.52,97,6,6.35,BR,1603157288
São Mateus,-18.72,-39.86,72.41,85,97,5.53,BR,1603157213
Nuuk,64.18,-51.72,48.2,39,100,40.26,GL,1603157288
Tual,-5.67,132.75,78.98,84,100,4.52,ID,1603157289
Mastic Beach,40.77,-72.85,57.99,87,1,6.87,US,1603157289
Kars,40.6,43.09,35.6,64,0,4.7,TR,1603157289
Alice Springs,-23.7,133.88,78.8,47,40,8.05,AU,1603157046
San Rafael,-34.62,-68.33,64.45,26,0,12.66,AR,1603157289
Mossamedes,-15.2,12.15,66.81,84,4,3.87,AO,1603157289
Behshahr,36.69,53.55,66.92,26,0,3.0,IR,1603157289
Kargasok,59.06,80.86,35.85,95,100,8.84,RU,1603157289
Nhulunbuy,-12.23,136.77,87.8,52,20,13.87,AU,1603157289
Pimenta Bueno,-11.67,-61.19,74.84,82,100,1.9,BR,1603157289
Saint-Joseph,-21.37,55.62,69.8,60,17,4.7,RE,1603157290
Port Alfred,-33.59,26.89,62.06,80,0,21.59,ZA,1603157290
Nara,34.69,135.8,70.0,77,40,3.36,JP,1603157290
Bengkulu,-3.8,102.27,78.58,79,100,4.83,ID,1603157290
Palmerston,-12.49,130.98,89.6,55,40,5.82,AU,1603157290
Necochea,-38.55,-58.74,50.0,68,0,5.99,AR,1603157290
Versailles,48.8,2.13,50.0,76,100,9.17,FR,1603157290
Chengzihe,45.33,131.07,50.7,48,0,3.4,CN,1603157290
Ende,-8.84,121.66,86.11,59,43,2.73,ID,1603157291
Ishigaki,24.34,124.16,84.2,79,75,23.04,JP,1603157291
Bandarbeyla,9.49,50.81,77.11,70,38,5.57,SO,1603157291
Medicine Hat,50.05,-110.67,30.99,68,75,4.7,CA,1603157291
Karratha,-20.74,116.85,79.5,41,0,5.55,AU,1603157117
Longyearbyen,78.22,15.64,28.4,63,75,13.87,SJ,1603157291
Bo Rai,12.57,102.54,77.29,88,53,4.92,TH,1603157291
Port Hedland,-20.32,118.57,82.4,65,0,11.41,AU,1603157291
Ribeira Grande,38.52,-28.7,64.15,69,28,26.57,PT,1603157291
Carman,49.5,-98.0,28.0,68,20,2.71,CA,1603157291
Krasnosel'kup,65.7,82.47,19.96,97,100,8.99,RU,1603157292
Barsovo,61.17,73.17,32.0,98,75,6.71,RU,1603157292
Līsakovsk,52.54,62.49,47.77,50,29,9.82,KZ,1603157292
Changji,44.02,87.32,46.4,39,0,6.71,CN,1603157292
Atar,20.52,-13.05,84.9,25,0,7.31,MR,1603157292
Terme,41.21,36.97,59.0,87,75,6.93,TR,1603157292
Port Augusta,-32.5,137.77,73.99,53,95,5.82,AU,1603157293
Saint-Pierre,-21.34,55.48,69.8,60,0,4.7,RE,1603157293
Sabha,27.04,14.43,67.66,65,0,20.56,LY,1603157293
Post Falls,47.72,-116.95,57.0,54,90,16.11,US,1603157293
Butaritari,3.07,172.79,82.51,77,100,10.69,KI,1603157293
Vardø,70.37,31.11,40.48,71,100,16.96,NO,1603157293
Zhoukou,33.63,114.63,62.1,49,97,4.41,CN,1603157293
Victor Harbor,-35.57,138.62,62.01,73,100,6.55,AU,1603157294
Jinxiang,27.43,120.61,67.01,69,85,12.71,CN,1603157294
Quang Ngai,15.12,108.8,77.34,91,100,2.06,VN,1603157294
Woodward,36.43,-99.39,50.0,61,1,6.93,US,1603157294
Şabrātah,32.79,12.49,68.27,55,0,4.23,LY,1603157294
Fernie,49.5,-115.07,41.0,80,75,2.24,CA,1603157157
Barra do Corda,-5.5,-45.25,81.41,54,1,4.18,BR,1603157294
Sarangani,5.4,125.46,82.22,77,73,9.37,PH,1603157295
Kaitangata,-46.28,169.85,54.45,51,87,10.54,NZ,1603157295
Yerbogachën,61.28,108.01,24.64,94,100,11.9,RU,1603157295
Saskylakh,71.92,114.08,22.46,97,86,4.79,RU,1603157295
Santa Barbara,34.73,-120.03,75.2,47,1,8.05,US,1603157023
Broken Hill,-31.95,141.43,69.8,28,80,9.17,AU,1603157295
Forsytheganj,52.63,29.73,37.18,90,29,9.44,BY,1603157295
Acapulco de Juárez,16.86,-99.89,84.2,83,75,3.36,MX,1603157106
Isangel,-19.55,169.27,82.4,61,75,11.41,VU,1603157295
Harrisonburg,38.45,-78.87,60.8,87,1,6.93,US,1603157296
St. George's,12.06,-61.75,82.4,83,20,5.82,GD,1603157296
Vejprty,50.49,13.03,35.01,88,100,5.01,CZ,1603157296
Rotava,50.3,12.57,35.01,85,100,1.01,CZ,1603157296
Dikson,73.51,80.55,23.97,95,96,17.27,RU,1603157296
Hithadhoo,-0.6,73.08,82.65,78,71,13.0,MV,1603157296
Amatán,17.35,-92.75,71.44,91,98,0.6,MX,1603157296
Poya,-21.35,165.15,81.64,48,0,5.03,NC,1603157296
Batemans Bay,-35.72,150.18,64.99,74,71,3.0,AU,1603157296
Mackay,-21.15,149.2,86.0,51,75,12.75,AU,1603157297
Yangi Marg`ilon,40.43,71.72,48.2,57,0,6.93,UZ,1603157297
Anadyr,64.75,177.48,37.4,69,65,11.18,RU,1603157297
Tromsø,69.65,18.96,23.0,92,0,5.82,NO,1603157180
San Patricio,28.02,-97.52,80.6,83,20,12.75,US,1603157297
Sibolga,1.74,98.78,80.96,70,47,1.97,ID,1603157287
Sola,-13.88,167.55,86.0,70,90,4.7,VU,1603157297
Ilulissat,69.22,-51.1,37.4,89,100,4.7,GL,1603157297
Sørland,67.67,12.69,39.43,67,95,3.31,NO,1603157297
Zherdevka,51.85,41.46,38.26,81,5,9.13,RU,1603157297
Wanaka,-44.7,169.15,57.04,45,24,5.91,NZ,1603157297
Seoul,37.57,126.98,60.8,67,1,1.63,KR,1603157298
Nome,64.5,-165.41,39.0,93,90,4.7,US,1603157298
Westport,41.14,-73.36,60.8,72,1,6.93,US,1603157298
San Luis,-33.3,-66.34,58.84,45,0,24.56,AR,1603157298
Esso,55.93,158.7,33.28,86,100,1.36,RU,1603157298
Plérin,48.54,-2.78,55.99,13,100,1.99,FR,1603157298
Tongchuanshi,35.08,109.09,57.88,43,100,2.08,CN,1603157298
Belaya Gora,68.53,146.42,13.8,94,74,3.6,RU,1603157298
Anloga,5.79,0.9,78.8,88,20,4.7,GH,1603157299
Santa Vitória do Palmar,-33.52,-53.37,66.79,77,0,4.43,BR,1603157299
Cherskiy,68.75,161.3,21.63,94,56,3.94,RU,1603157299
Aklavik,68.22,-135.01,23.0,92,90,4.7,CA,1603157299
Mtwango,-9.02,34.8,57.76,87,26,9.89,TZ,1603157299
Koungou,-12.73,45.2,73.4,88,17,1.12,YT,1603157299
Posse,-14.09,-46.37,71.1,77,100,4.29,BR,1603157299
Bariloche,-41.15,-71.31,37.4,69,20,5.82,AR,1603157299
Swan River,52.11,-101.27,24.69,82,0,4.83,CA,1603157299
Ponta Delgada,37.73,-25.67,60.8,72,20,9.17,PT,1603157299
Bonavista,48.65,-53.11,48.99,86,100,4.0,CA,1603157300
Olafsvik,64.89,-23.71,38.73,74,92,6.51,IS,1603157300
Port Lincoln,-34.73,135.87,60.53,73,100,11.61,AU,1603157300
Dudinka,69.41,86.18,12.2,92,75,6.71,RU,1603157300
Inhambane,-23.86,35.38,69.4,84,0,12.3,MZ,1603157300
Katsuura,35.13,140.3,64.99,59,88,11.41,JP,1603157300
Atasū,48.68,71.64,38.19,56,0,4.29,KZ,1603157300
Mana,5.66,-53.78,80.17,84,0,10.04,GF,1603157300
Rāwah,34.48,41.91,66.72,29,0,4.47,IQ,1603157301
Olden,61.84,6.81,24.01,95,100,7.87,NO,1603157301
Aldama,22.92,-98.07,80.01,90,2,3.8,MX,1603157301
Verkhniachka,48.83,30.04,40.17,89,0,7.25,UA,1603157301
Ekhabi,53.51,142.97,34.83,79,60,19.84,RU,1603157301
Hūn,29.13,15.95,62.08,70,0,6.31,LY,1603157301
San Vicente,-26.62,-54.13,70.23,63,0,2.15,AR,1603157301
Eresós,39.17,25.93,64.4,77,20,6.93,GR,1603157301
Hilo,19.73,-155.09,86.0,55,1,13.87,US,1603157301
Ariquemes,-9.91,-63.04,76.35,70,100,1.23,BR,1603157301
Kieta,-6.22,155.63,85.68,68,5,4.97,PG,1603157302
Guerrero Negro,27.98,-114.06,75.76,62,0,16.22,MX,1603157302
Araguaçu,-12.93,-49.83,72.36,84,100,5.01,BR,1603157302
Pangody,65.85,74.49,24.66,98,83,4.74,RU,1603157302
Tigil',57.8,158.67,39.22,74,100,11.32,RU,1603157302
Fare,-16.7,-151.02,79.9,77,18,17.81,PF,1603157302
Hay River,60.82,-115.8,19.4,73,20,3.24,CA,1603157302
Ayr,55.46,-4.63,50.0,93,75,14.99,GB,1603157302
College,64.86,-147.8,21.99,85,90,1.28,US,1603157302
Sassandra,4.95,-6.08,75.74,88,45,5.93,CI,1603157302
Balfron,56.07,-4.34,52.0,93,100,8.05,GB,1603157302
Kigoma,-4.88,29.63,76.33,63,93,4.99,TZ,1603157303
Kirakira,-10.45,161.92,84.42,74,18,10.0,SB,1603157303
Kampong Thom,12.71,104.89,76.71,92,100,2.64,KH,1603157145
Vila Velha,-20.33,-40.29,69.8,94,75,4.7,BR,1603157303
Buin,-33.73,-70.75,64.99,42,75,12.75,CL,1603157154
Bintulu,3.17,113.03,82.4,83,20,5.82,MY,1603157303
Noumea,-22.28,166.46,87.8,45,89,11.41,NC,1603157089
Tolaga Bay,-38.37,178.3,67.08,61,100,12.86,NZ,1603157146
Nioro,13.35,-15.75,78.03,68,0,2.3,GM,1603157303
Marawi,8.0,124.29,82.99,78,100,1.01,PH,1603157303
Jamkhandi,16.52,75.3,70.5,94,95,6.96,IN,1603157304
Linqiong,30.42,103.46,60.01,93,75,11.18,CN,1603157304
General Roca,-39.03,-67.58,60.8,30,0,5.82,AR,1603157304
Smidovich,48.6,133.82,40.21,65,50,7.25,RU,1603157304
Néa Iraklítsa,40.86,24.32,57.99,76,20,5.82,GR,1603157304
Bokaa,-24.45,26.02,82.4,23,0,11.41,BW,1603157304
Plastun,44.76,136.29,53.98,44,0,4.09,RU,1603157304
San Quintín,30.48,-115.95,71.11,73,0,17.31,MX,1603157304
Mnogovershinnyy,53.94,139.92,30.87,85,14,18.81,RU,1603157304
Ambon City,-3.7,128.18,89.6,66,40,4.7,ID,1603157304
Calvinia,-31.47,19.78,46.29,78,65,8.1,ZA,1603157304
Besao,17.09,120.86,68.23,91,100,3.09,PH,1603157305
Qasigiannguit,68.82,-51.19,37.4,80,100,4.7,GL,1603157305
Rio de Janeiro,-22.9,-43.21,75.2,73,100,4.7,BR,1603157113
Nyurba,63.28,118.33,22.62,96,98,8.86,RU,1603157305
Keti Bandar,24.14,67.45,83.39,71,0,8.86,PK,1603157305
Lavrentiya,65.58,-171.0,35.96,75,4,5.5,RU,1603157305
Puerto Madryn,-42.77,-65.04,52.27,45,0,12.15,AR,1603157305
Taoudenni,22.68,-3.98,81.16,20,0,15.5,ML,1603157303
Tadine,-21.55,167.88,74.68,73,97,15.99,NC,1603157305
Santa Rosa de Aguán,15.95,-85.72,81.23,76,95,7.65,HN,1603157305
Yacuiba,-22.04,-63.68,81.21,34,0,3.02,BO,1603157306
Pevek,69.7,170.31,26.24,93,1,14.99,RU,1603157264
Geraldton,-28.77,114.6,69.8,64,90,11.41,AU,1603157306
Torbay,47.67,-52.73,48.99,87,40,9.17,CA,1603157306
Butajīra,8.12,38.37,55.38,51,0,5.08,ET,1603157306
Melfi,41.0,15.65,50.0,61,63,3.36,IT,1603157306
Waingapu,-9.66,120.26,85.41,61,0,8.21,ID,1603157229
Chapais,49.78,-74.85,28.4,100,1,3.6,CA,1603157306
Zhangye,38.93,100.45,48.87,42,0,3.56,CN,1603157306
Cañete,-37.8,-73.4,46.63,77,0,5.7,CL,1603157306
Novaya Bryan’,51.72,108.27,32.0,87,75,20.13,RU,1603157306
Tautira,-17.73,-149.15,84.2,70,20,17.22,PF,1603157307
Dingle,11.0,122.67,77.97,89,100,5.08,PH,1603157307
Turan,16.07,108.22,75.2,94,90,4.7,VN,1603157307
Grand Gaube,-20.01,57.66,73.0,77,0,3.0,MU,1603157307
Vao,-22.67,167.48,73.15,77,12,19.71,NC,1603157307
Belmonte,-15.86,-38.88,73.4,83,75,3.36,BR,1603157307
Luleå,65.58,22.15,24.8,92,97,8.05,SE,1603157307
Zhigansk,66.77,123.37,18.1,96,100,12.21,RU,1603157307
Tasiilaq,65.61,-37.64,30.2,92,60,9.17,GL,1603157307
Diffa,13.32,12.61,84.81,14,0,7.63,NE,1603157308
Santa Cruz del Sur,20.71,-78.0,78.06,85,100,11.32,CU,1603157308
Mogadishu,2.04,45.34,78.46,85,16,10.13,SO,1603157308
Nordenham,53.5,8.48,44.6,93,100,4.7,DE,1603157308
Lima,-12.04,-77.03,62.6,82,1,9.17,PE,1603157157
Blackwater,-23.58,148.88,86.09,36,29,9.73,AU,1603157308
Biak,-0.91,122.88,81.63,68,100,8.16,ID,1603157308
Gizo Government Station,-8.1,156.84,84.51,69,41,2.95,SB,1603157144
Pizarro,4.95,-77.37,74.7,90,100,3.0,CO,1603157309
Terpeziţa,44.28,23.52,37.4,93,0,2.24,RO,1603157309
Marrakesh,31.63,-8.01,69.8,43,77,3.36,MA,1603157254
Simões,-7.6,-40.82,80.64,26,100,9.48,BR,1603157309
Lorengau,-2.02,147.27,86.25,63,100,3.6,PG,1603157309
Belyy Yar,53.6,91.39,33.8,80,100,11.18,RU,1603157309
Kabompo,-13.59,24.2,62.35,30,0,4.07,ZM,1603157309
Grong,64.47,12.31,30.25,93,89,3.49,NO,1603157309
Orlik,52.52,99.83,9.75,83,96,4.81,RU,1603157309
Bahía Solano,6.23,-77.4,74.93,84,100,7.45,CO,1603157309
Chicama,-7.84,-79.15,63.32,80,2,7.11,PE,1603157309
Skjervøy,70.03,20.97,37.78,72,100,5.41,NO,1603157310
Huarmey,-10.07,-78.15,62.53,85,3,7.09,PE,1603157310
Klaksvík,62.23,-6.59,41.0,75,2,6.93,FO,1603157310
Comodoro Rivadavia,-45.87,-67.5,48.2,42,0,8.05,AR,1603157310
Ostrovnoy,68.05,39.51,35.17,84,100,13.38,RU,1603157310
Casa Blanca,18.15,-97.13,70.63,71,5,4.99,MX,1603157310
Moses Lake,47.13,-119.28,62.6,33,1,21.92,US,1603157310
Beloha,-25.17,45.05,62.78,88,0,2.68,MG,1603157310
Oildale,35.42,-119.02,84.2,25,1,6.93,US,1603157310
Batetskiy,58.65,30.3,34.21,92,100,9.8,RU,1603157311
Sampit,-2.53,112.95,79.77,86,99,2.21,ID,1603157311
Asău,46.43,26.4,41.0,93,0,1.12,RO,1603157311
North Bend,43.41,-124.22,61.0,87,1,17.22,US,1603157311
Tiznit Province,29.58,-9.5,71.31,28,100,6.78,MA,1603157301
Safi,32.3,-9.24,68.27,63,34,8.23,MA,1603157311
Samarai,-10.62,150.67,81.27,80,12,7.31,PG,1603157311
Kapiri Mposhi,-13.97,28.68,66.74,29,0,6.53,ZM,1603157311
Walvis Bay,-22.96,14.51,55.99,93,0,8.05,NA,1603157311
Arrondissement d'Arcachon,44.59,-1.05,57.2,93,100,6.93,FR,1603157311
Lapi,17.72,121.9,78.55,86,100,8.25,PH,1603157311
Santa Maria,-29.68,-53.81,72.63,63,0,4.32,BR,1603157312
Bahía Blanca,-38.72,-62.27,52.63,44,0,13.04,AR,1603157312
Patancheru,17.53,78.27,72.0,100,75,3.36,IN,1603157312
Jalu,29.03,21.55,70.38,55,0,11.12,LY,1603157312
Great Yarmouth,52.61,1.73,55.0,92,100,11.99,GB,1603157312
Chiungutwa,-10.88,38.98,69.21,86,2,1.99,TZ,1603157312
Ust'-Shonosha,61.15,41.34,27.32,98,50,4.72,RU,1603157312
Riviere-au-Renard,49.0,-64.4,48.2,70,90,3.36,CA,1603157312
Burgersdorp,-31.0,26.33,60.48,32,5,6.6,ZA,1603157312
Manuk Mangkaw,4.8,119.85,80.8,85,100,20.47,PH,1603157313
Uddevalla,58.35,11.94,42.01,88,100,6.29,SE,1603157313
Lockhart,28.62,-81.44,77.0,97,100,9.26,US,1603157313
Constitución,-35.33,-72.42,54.45,59,98,13.73,CL,1603157313
Verkhnetulomskiy,68.61,31.8,30.2,100,75,2.24,RU,1603157313
Maragogi,-9.01,-35.22,75.52,78,12,9.91,BR,1603157313
Aquin,18.28,-73.4,79.36,78,83,1.45,HT,1603157313
Egvekinot,66.32,-179.17,28.29,98,9,4.38,RU,1603157314
Dindori,22.95,81.08,68.95,72,15,1.16,IN,1603157314
Nanortalik,60.14,-45.24,37.56,87,100,7.61,GL,1603157314
Bandi̇̄pur,27.93,84.42,60.89,95,0,2.19,NP,1603157314
Kamina,-8.74,24.99,64.83,94,0,4.85,CD,1603157314
Bonthe,7.53,-12.51,78.39,87,100,5.26,SL,1603157314
Praxédis Guerrero,31.37,-106.02,80.6,9,75,4.7,MX,1603157314
Nemuro,43.32,145.57,59.0,44,40,11.41,JP,1603157314
Porto Velho,-8.76,-63.9,75.2,94,100,1.12,BR,1603157314
Vagay,57.94,69.02,36.95,95,1,4.9,RU,1603157314
Bayir,37.27,28.22,57.2,87,0,3.36,TR,1603157315
Phuket,8.0,98.25,80.6,88,20,3.36,TH,1603157315
Hirado,33.36,129.55,71.01,52,20,13.87,JP,1603157315
Straumen,63.87,11.3,36.0,100,37,6.93,NO,1603157315
Celestún,20.87,-90.4,80.01,82,0,13.18,MX,1603157315
Sumbe,-11.21,13.84,74.19,85,49,4.88,AO,1603157315
Alice Town,25.72,-79.3,82.51,74,100,19.82,BS,1603157315
Kaspiysk,42.88,47.64,64.4,59,100,22.37,RU,1603157315
Kaeo,-35.1,173.78,66.49,62,100,10.87,NZ,1603157315
Iqaluit,63.75,-68.51,21.2,85,75,8.05,CA,1603157091
Sobolevo,54.43,31.9,36.57,88,8,13.56,RU,1603157316
Polunochnoye,60.87,60.42,30.61,98,41,3.29,RU,1603157316
Havre-St-Pierre,50.23,-63.6,42.8,93,90,5.82,CA,1603157316
Iquique,-20.22,-70.14,62.6,72,90,8.05,CL,1603157204
Samarinda,-0.5,117.15,74.93,93,100,1.34,ID,1603157316
Vanderhoof,54.02,-124.02,35.69,88,0,3.29,CA,1603157316
Talnakh,69.49,88.4,12.2,92,75,6.71,RU,1603157316
Okhotsk,59.38,143.3,24.03,79,22,23.55,RU,1603157316
Bathsheba,13.22,-59.52,82.4,78,40,2.24,BB,1603157316
Rocha,-34.48,-54.33,64.15,88,83,14.2,UY,1603157316
Copiapó,-27.37,-70.33,55.4,82,0,8.05,CL,1603157196
Masvingo,-20.06,30.83,63.59,42,0,3.71,ZW,1603157317
Kavaratti,10.57,72.64,81.0,75,79,10.8,IN,1603157317
Tomatlán,19.93,-105.25,78.49,87,1,2.95,MX,1603157317
Druzhba,52.04,33.95,36.57,84,0,9.66,UA,1603157317
Purpe,64.48,76.69,26.06,99,72,6.44,RU,1603157317
Fairbanks,64.84,-147.72,21.99,85,90,1.25,US,1603157312
Vestmanna,62.16,-7.17,41.0,75,2,6.93,FO,1603157317
Wasilla,61.58,-149.44,35.01,74,90,2.1,US,1603157317
Poum,-20.23,164.02,75.38,72,0,9.98,NC,1603157317
Fonte Boa,-2.5,-66.27,75.33,93,32,0.83,BR,1603157317
Ozernovskiy,51.5,156.52,41.61,66,99,14.14,RU,1603157318
Emba,48.83,58.14,48.72,47,0,9.71,KZ,1603157318
Hobyo,5.35,48.53,79.54,78,0,14.72,SO,1603157318
Bocas del Toro,9.33,-82.25,64.0,100,100,5.75,PA,1603157318
Chernyshevskiy,63.01,112.47,20.95,98,98,6.33,RU,1603157318
Qaryat Sulūq,31.67,20.25,65.95,79,20,2.19,LY,1603157318
Jaguaquara,-13.53,-39.97,66.88,95,96,6.91,BR,1603157251
Verkhneural'sk,53.88,59.21,46.4,39,75,8.95,RU,1603157319
Eureka,40.8,-124.16,55.99,89,3,3.0,US,1603157319
Katherine,-14.47,132.27,91.4,49,20,9.17,AU,1603157319
Lincoln,40.8,-96.67,42.8,60,1,5.82,US,1603157286
Cururupu,-1.83,-44.87,77.25,83,78,4.88,BR,1603157129
Zuénoula,7.43,-6.04,71.06,93,2,5.03,CI,1603157319
San Angelo,31.46,-100.44,66.2,63,1,4.7,US,1603157229
Illela,13.73,5.3,85.21,31,0,6.13,NG,1603157319
Chongwe,-15.33,28.68,64.4,27,0,2.24,ZM,1603157319
Chara,56.91,118.26,26.8,95,100,6.71,RU,1603157319
Margate,51.38,1.39,54.0,66,100,5.01,GB,1603157319
Mount Gambier,-37.83,140.77,57.2,67,90,5.82,AU,1603157320
São José da Coroa Grande,-8.9,-35.15,75.87,77,11,10.04,BR,1603157320
Oancea,45.92,28.1,46.54,57,0,0.63,RO,1603157320
San Cristobal,7.77,-72.22,84.2,58,40,4.7,VE,1603157320
Khāsh,28.22,61.22,42.48,59,0,2.55,IR,1603157320
Virginia Beach,36.85,-75.98,68.0,88,90,6.93,US,1603157036
Pavlivka,49.44,28.46,39.18,89,0,7.0,UA,1603157320
Malanje,-9.54,16.34,65.5,98,43,6.49,AO,1603157320
Rawson,-43.3,-65.1,51.57,48,0,5.73,AR,1603157306
Leme,-22.19,-47.39,66.7,89,100,9.86,BR,1603157320
Christchurch,-43.53,172.63,60.01,54,17,21.92,NZ,1603157219
Bowen,-20.02,148.23,86.0,45,75,6.93,AU,1603157320
Ipixuna,-1.76,-48.8,75.2,94,40,2.24,BR,1603157321
Santiago de Compostela,42.88,-8.55,61.0,93,90,10.29,ES,1603157232
Fuerte Olimpo,-21.04,-57.87,75.72,86,0,4.65,PY,1603157321
Aasiaat,68.71,-52.87,36.03,84,100,16.67,GL,1603157321
Ayan,56.45,138.17,30.65,78,0,12.62,RU,1603157321
Porterville,36.07,-119.02,86.0,27,1,4.7,US,1603157210
Nizhniy Tsasuchey,50.52,115.13,38.82,74,91,15.73,RU,1603157321
La Ronge,55.1,-105.28,26.6,58,90,4.7,CA,1603157321
Lucapa,-8.42,20.74,65.1,92,0,1.45,AO,1603157321
Krasavino,60.96,46.48,32.16,98,100,5.08,RU,1603157321
Āsbe Teferī,9.08,40.87,58.69,60,0,3.22,ET,1603157321
Bousso,10.48,16.71,73.83,58,17,2.86,TD,1603157165
Pinerolo,44.88,7.35,52.0,99,91,1.99,IT,1603157322
Sumkino,58.11,68.32,36.27,94,0,5.79,RU,1603157322
Nakano,36.75,138.37,61.0,77,3,3.2,JP,1603157322
Cabra,37.47,-4.44,68.0,45,100,8.05,ES,1603157322
Muroto-misakicho,33.28,134.15,69.8,46,40,10.29,JP,1603157322
Kristiansund,63.11,7.73,37.4,69,0,17.22,NO,1603157322
Beringovskiy,63.05,179.32,39.58,82,97,11.5,RU,1603157322
Āsosa,10.07,34.53,61.09,94,46,3.76,ET,1603157322
Prince Rupert,54.32,-130.32,48.2,70,90,8.05,CA,1603157289
Kuala Terengganu,5.33,103.14,82.4,88,20,3.36,MY,1603157322
Morro Bay,35.37,-120.85,64.99,57,10,6.02,US,1603157142
Maceió,-9.67,-35.74,71.6,94,20,4.7,BR,1603157149
Marsaxlokk,35.84,14.54,64.99,77,0,3.36,MT,1603157323
Zanjān,36.67,48.48,52.63,35,0,0.81,IR,1603157323
Ghanzi,-21.57,21.78,72.27,22,0,5.5,BW,1603157323
Arawa,-6.21,155.54,87.31,65,4,4.0,PG,1603157323
Mormugao,15.4,73.8,77.0,100,20,4.7,IN,1603157323
Kumul,42.8,93.45,44.62,55,1,2.62,CN,1603157323
Leshukonskoye,64.9,45.76,29.03,99,100,3.6,RU,1603157323
Sorong,-0.88,131.25,81.52,78,100,6.89,ID,1603157323
Najrān,17.49,44.13,59.0,28,0,4.7,SA,1603157323
Sam Roi Yot,12.27,99.87,78.8,88,20,2.24,TH,1603157324
Navolato,24.77,-107.69,87.01,78,0,5.01,MX,1603157324
Proletarsk,46.7,41.72,51.78,88,75,5.64,RU,1603157324
Burgeo,47.62,-57.62,52.66,92,98,8.25,CA,1603157324
Teya,60.38,92.63,26.2,95,100,6.71,RU,1603157324
Velikodvorskiy,55.25,40.67,36.41,83,60,10.8,RU,1603157203
Sturgis,41.8,-85.42,42.01,93,90,5.82,US,1603157115
Salinópolis,-0.61,-47.36,80.71,81,8,12.62,BR,1603157324
Jacareacanga,-6.22,-57.75,77.97,72,100,1.57,BR,1603157324
San Nicolas,18.17,120.6,84.2,74,75,16.11,PH,1603157324
Ust-Maya,60.42,134.53,17.69,91,99,3.56,RU,1603157325
Māngrol,21.12,70.12,82.0,81,28,5.26,IN,1603157325
Nysa,50.47,17.33,36.0,71,0,1.01,PL,1603157325
Acaraú,-2.89,-40.12,78.87,80,0,18.23,BR,1603157251
Labuhan,-6.88,112.21,82.85,70,60,7.65,ID,1603157325
Abonnema,4.71,6.79,75.97,91,2,4.34,NG,1603157325
Santa Maria da Vitória,-13.39,-44.19,76.03,67,75,3.06,BR,1603157093
Ust-Nera,64.57,143.2,9.03,83,3,3.85,RU,1603157325
Manado,1.49,124.85,89.6,55,20,5.82,ID,1603157259
Ancud,-41.87,-73.82,45.0,86,40,5.82,CL,1603157325
Palmer,42.16,-72.33,55.0,93,75,4.7,US,1603157325
Yangambi,0.81,24.43,69.85,98,60,1.88,CD,1603157325
Ocho Rios,18.4,-77.1,75.0,95,100,9.08,JM,1603157326
Tura,25.52,90.22,73.4,89,11,3.31,IN,1603157303
Zambezi,-13.54,23.1,66.24,27,0,4.27,ZM,1603157326
Ballina,-28.87,153.57,73.99,60,40,14.99,AU,1603157326
Huangmei,30.19,116.03,64.35,58,32,6.42,CN,1603157326
Ternate,0.8,127.4,83.46,71,64,8.12,ID,1603157326
Vryburg,-26.96,24.73,63.43,27,0,5.17,ZA,1603157326
Diourbel,14.66,-16.39,82.4,69,16,4.7,SN,1603157326
Atambua,-9.11,124.89,88.12,40,0,2.01,ID,1603157326
Port Blair,11.67,92.75,81.72,82,89,15.05,IN,1603157326
